[
  {
    "id": "/subscriptions/5b6e6f3d-b2c8-437e-8c1b-5058a100bc28/resourceGroups/LABAI-900/providers/Microsoft.Resources/deployments/Microsoft.CognitiveServicesAllInOne-20240225192952/operations/56C4FB941139C964",
    "operationId": "56C4FB941139C964",
    "properties": {
      "provisioningOperation": "Create",
      "provisioningState": "Succeeded",
      "timestamp": "2024-02-25T22:42:00.3355284Z",
      "duration": "PT5.9932496S",
      "trackingId": "16a9544c-ac23-44be-8b14-6fb628678de3",
      "statusCode": "Created",
      "targetResource": {
        "id": "/subscriptions/5b6e6f3d-b2c8-437e-8c1b-5058a100bc28/resourceGroups/LABAI-900/providers/Microsoft.CognitiveServices/accounts/LAB02ReconhecimentoFacial",
        "resourceType": "Microsoft.CognitiveServices/accounts",
        "resourceName": "LAB02ReconhecimentoFacial"
      }
    }
  },
  {
    "id": "/subscriptions/5b6e6f3d-b2c8-437e-8c1b-5058a100bc28/resourceGroups/LABAI-900/providers/Microsoft.Resources/deployments/Microsoft.CognitiveServicesAllInOne-20240225192952/operations/08584927059734938109",
    "operationId": "08584927059734938109",
    "properties": {
      "provisioningOperation": "EvaluateDeploymentOutput",
      "provisioningState": "Succeeded",
      "timestamp": "2024-02-25T22:42:00.4996875Z",
      "duration": "PT6.1574087S",
      "trackingId": "94803a15-bea5-4cae-ab21-3ec96a948aa4",
      "statusCode": "OK"
    }
  }
]