{
  "id": "/subscriptions/5b6e6f3d-b2c8-437e-8c1b-5058a100bc28/resourceGroups/LABAI-900/providers/Microsoft.Resources/deployments/Microsoft.CognitiveServicesAllInOne-20240225192952",
  "name": "Microsoft.CognitiveServicesAllInOne-20240225192952",
  "type": "Microsoft.Resources/deployments",
  "properties": {
    "templateHash": "15952153465283343445",
    "parameters": {
      "name": {
        "type": "String",
        "value": "LAB02ReconhecimentoFacial"
      },
      "location": {
        "type": "String",
        "value": "eastus"
      },
      "resourceGroupName": {
        "type": "String",
        "value": "LABAI-900"
      },
      "resourceGroupId": {
        "type": "String",
        "value": "/subscriptions/5b6e6f3d-b2c8-437e-8c1b-5058a100bc28/resourceGroups/LABAI-900"
      },
      "sku": {
        "type": "String",
        "value": "S0"
      },
      "tagValues": {
        "type": "Object",
        "value": {}
      },
      "virtualNetworkType": {
        "type": "String",
        "value": "None"
      },
      "vnet": {
        "type": "Object",
        "value": {}
      },
      "ipRules": {
        "type": "Array",
        "value": []
      },
      "identity": {
        "type": "Object",
        "value": {
          "type": "None"
        }
      },
      "privateEndpoints": {
        "type": "Array",
        "value": []
      },
      "privateDnsZone": {
        "type": "String",
        "value": "privatelink.cognitiveservices.azure.com"
      }
    },
    "mode": "Incremental",
    "debugSetting": {
      "detailLevel": "None"
    },
    "provisioningState": "Succeeded",
    "timestamp": "2024-02-25T22:42:00.5340636Z",
    "duration": "PT7.4735151S",
    "correlationId": "e940e564-f9b6-4636-b2d4-63628c3812f2",
    "providers": [
      {
        "namespace": "Microsoft.CognitiveServices",
        "resourceTypes": [
          {
            "resourceType": "accounts",
            "locations": [
              "eastus"
            ]
          }
        ]
      }
    ],
    "dependencies": [],
    "outputResources": [
      {
        "id": "/subscriptions/5b6e6f3d-b2c8-437e-8c1b-5058a100bc28/resourceGroups/LABAI-900/providers/Microsoft.CognitiveServices/accounts/LAB02ReconhecimentoFacial"
      }
    ],
    "validationLevel": "Template"
  },
  "tags": {
    "marketplaceItemId": "Microsoft.CognitiveServicesAllInOne"
  }
}